FullPath;Package;Element;Property;DependentPackage;DependendElement;GUID
ISO TC211.ISO 19152 Land Administration Domain Model (LADM).ISO 19152-2 Edition 1.LADM Part 1 - Classes;Fundamentals;VersionedObject;beginLifespanVersion;ISO TC211.ISO 19103 Conceptual schema language.ISO 19103 Edition 1.Primitive types.Date and Time;DateTime;{8367701C-2A96-4fe1-A0E9-4ABAC9DC0ED6}
ISO TC211.ISO 19152 Land Administration Domain Model (LADM).ISO 19152-2 Edition 1.LADM Part 1 - Classes;Fundamentals;VersionedObject;beginValidLifespanVersion;ISO TC211.ISO 19103 Conceptual schema language.ISO 19103 Edition 1.Primitive types.Date and Time;DateTime;{8367701C-2A96-4fe1-A0E9-4ABAC9DC0ED6}
ISO TC211.ISO 19152 Land Administration Domain Model (LADM).ISO 19152-2 Edition 1.LADM Part 1 - Classes;Fundamentals;VersionedObject;endLifespanVersion;ISO TC211.ISO 19103 Conceptual schema language.ISO 19103 Edition 1.Primitive types.Date and Time;DateTime;{8367701C-2A96-4fe1-A0E9-4ABAC9DC0ED6}
ISO TC211.ISO 19152 Land Administration Domain Model (LADM).ISO 19152-2 Edition 1.LADM Part 1 - Classes;Fundamentals;VersionedObject;quality;ISO TC211.ISO 19157 Data quality.ISO 19157-1 Edition 1.Data quality;QualityElement;{E4EBCB08-C34D-4675-AA2B-65AF4F801ABD}
ISO TC211.ISO 19152 Land Administration Domain Model (LADM).ISO 19152-2 Edition 1.LADM Part 1 - Classes;Fundamentals;VersionedObject;source;ISO TC211.ISO 19115 Metadata.ISO 19115-1 Edition 1 (Complete).Citation and responsible party information;CI_Responsibility;{2F04B145-F0B3-4d0b-8F38-325E62A8438F}
ISO TC211.ISO 19152 Land Administration Domain Model (LADM).ISO 19152-2 Edition 1.LADM Part 1 - Classes;Fundamentals;VersionedObject;endValidLifespanVersion;ISO TC211.ISO 19103 Conceptual schema language.ISO 19103 Edition 1.Primitive types.Date and Time;DateTime;{8367701C-2A96-4fe1-A0E9-4ABAC9DC0ED6}
ISO TC211.ISO 19152 Land Administration Domain Model (LADM).ISO 19152-2 Edition 1.LADM Part 1 - Classes;Fundamentals;VersionedObject;event;ISO TC211.ISO 19152 Land Administration Domain Model (LADM).ISO 19152-2 Edition 1.LADM Part 1 - Classes.Fundamentals;LA_Source;{4FE59285-F1C6-42fa-BEE8-8318C10589DB}
ISO TC211.ISO 19152 Land Administration Domain Model (LADM).ISO 19152-2 Edition 1.LADM Part 1 - Classes;Fundamentals;VersionedObject;event;ISO TC211.ISO 19152 Land Administration Domain Model (LADM).ISO 19152-2 Edition 1.LADM Part 1 - Classes.Fundamentals;LA_Source;{4FE59285-F1C6-42fa-BEE8-8318C10589DB}
ISO TC211.ISO 19152 Land Administration Domain Model (LADM).ISO 19152-2 Edition 1.LADM Part 1 - Classes;Fundamentals;VersionedObject;Generalization;ISO TC211.ISO 19152 Land Administration Domain Model (LADM).ISO 19152-2 Edition 1.LADM Part 1 - Classes.Spatial Unit;LA_RequiredRelationshipSpatialUnit;{B5442FD3-285F-4e9f-A464-3A3AAD7EB0B8}
ISO TC211.ISO 19152 Land Administration Domain Model (LADM).ISO 19152-2 Edition 1.LADM Part 1 - Classes;Fundamentals;VersionedObject;Generalization;ISO TC211.ISO 19152 Land Administration Domain Model (LADM).ISO 19152-2 Edition 1.LADM Part 1 - Classes.Spatial Unit;LA_SpatialUnitGroup;{FCE33EE6-A4B1-4ad2-A70A-326643B082DA}
ISO TC211.ISO 19152 Land Administration Domain Model (LADM).ISO 19152-2 Edition 1.LADM Part 1 - Classes;Fundamentals;VersionedObject;Generalization;ISO TC211.ISO 19152 Land Administration Domain Model (LADM).ISO 19152-2 Edition 1.LADM Part 1 - Classes.Spatial Unit;LA_Level;{F1A39E4B-1BEE-4db9-A221-F15A936F45A4}
ISO TC211.ISO 19152 Land Administration Domain Model (LADM).ISO 19152-2 Edition 1.LADM Part 1 - Classes;Fundamentals;VersionedObject;Generalization;ISO TC211.ISO 19152 Land Administration Domain Model (LADM).ISO 19152-2 Edition 1.LADM Part 1 - Classes.Spatial Unit;LA_SpatialUnit;{3F75696C-3D1F-4067-9016-9C33B4C235BD}
ISO TC211.ISO 19152 Land Administration Domain Model (LADM).ISO 19152-2 Edition 1.LADM Part 1 - Classes;Fundamentals;VersionedObject;Generalization;ISO TC211.ISO 19152 Land Administration Domain Model (LADM).ISO 19152-2 Edition 1.LADM Part 1 - Classes.Administrative;LA_RRR;{B3FF0D0C-AD0B-4539-87D8-2DA442CE3C13}
ISO TC211.ISO 19152 Land Administration Domain Model (LADM).ISO 19152-2 Edition 1.LADM Part 1 - Classes;Fundamentals;VersionedObject;Generalization;ISO TC211.ISO 19152 Land Administration Domain Model (LADM).ISO 19152-2 Edition 1.LADM Part 1 - Classes.Administrative;LA_BAUnit;{E478B4C3-188B-4a8d-A33A-4DCD78CE0902}
ISO TC211.ISO 19152 Land Administration Domain Model (LADM).ISO 19152-2 Edition 1.LADM Part 1 - Classes;Fundamentals;VersionedObject;Generalization;ISO TC211.ISO 19152 Land Administration Domain Model (LADM).ISO 19152-2 Edition 1.LADM Part 1 - Classes.Administrative;LA_RequiredRelationshipBAUnit;{37BC1FA0-5C3C-4602-AA86-CA1CE5F96454}
ISO TC211.ISO 19152 Land Administration Domain Model (LADM).ISO 19152-2 Edition 1.LADM Part 1 - Classes;Fundamentals;VersionedObject;Generalization;ISO TC211.ISO 19152 Land Administration Domain Model (LADM).ISO 19152-2 Edition 1.LADM Part 1 - Classes.Party;LA_Party;{CA5D4F78-65A9-43e6-B364-F843304E91FE}
ISO TC211.ISO 19152 Land Administration Domain Model (LADM).ISO 19152-2 Edition 1.LADM Part 1 - Classes;Fundamentals;VersionedObject;Generalization;ISO TC211.ISO 19152 Land Administration Domain Model (LADM).ISO 19152-2 Edition 1.LADM Part 1 - Classes.Party;LA_PartyMember;{C647A14C-7682-4f31-8D2B-090E1EF78D87}
ISO TC211.ISO 19152 Land Administration Domain Model (LADM).ISO 19152-2 Edition 1.LADM Part 1 - Classes;Fundamentals;LA_Source;acceptance;ISO TC211.ISO 19103 Conceptual schema language.ISO 19103 Edition 1.Primitive types.Date and Time;DateTime;{8367701C-2A96-4fe1-A0E9-4ABAC9DC0ED6}
ISO TC211.ISO 19152 Land Administration Domain Model (LADM).ISO 19152-2 Edition 1.LADM Part 1 - Classes;Fundamentals;LA_Source;availabilityStatus;ISO TC211.ISO 19152 Land Administration Domain Model (LADM).ISO 19152-2 Edition 1.LADM Part 1 - Classes.Fundamentals;LA_AvailabilityStatusType;{8B8AEA23-1A51-4a4f-9541-7B4DAB60638F}
ISO TC211.ISO 19152 Land Administration Domain Model (LADM).ISO 19152-2 Edition 1.LADM Part 1 - Classes;Fundamentals;LA_Source;extArchiveID;ISO TC211.ISO 19152 Land Administration Domain Model (LADM).ISO 19152-2 Edition 1.LADM Part 1 - Classes.External;ExtArchive;{70F3BA8D-AF64-43e3-95BE-EFE57F3D0B9A}
ISO TC211.ISO 19152 Land Administration Domain Model (LADM).ISO 19152-2 Edition 1.LADM Part 1 - Classes;Fundamentals;LA_Source;lifeSpanStamp;ISO TC211.ISO 19103 Conceptual schema language.ISO 19103 Edition 1.Primitive types.Date and Time;DateTime;{8367701C-2A96-4fe1-A0E9-4ABAC9DC0ED6}
ISO TC211.ISO 19152 Land Administration Domain Model (LADM).ISO 19152-2 Edition 1.LADM Part 1 - Classes;Fundamentals;LA_Source;maintype;ISO TC211.ISO 19115 Metadata.ISO 19115-1 Edition 1 (Complete).Citation and responsible party information;CI_PresentationFormCode;{53816725-143E-454c-84AB-4F3F842D6228}
ISO TC211.ISO 19152 Land Administration Domain Model (LADM).ISO 19152-2 Edition 1.LADM Part 1 - Classes;Fundamentals;LA_Source;quality;ISO TC211.ISO 19157 Data quality.ISO 19157-1 Edition 1.Data quality;QualityElement;{E4EBCB08-C34D-4675-AA2B-65AF4F801ABD}
ISO TC211.ISO 19152 Land Administration Domain Model (LADM).ISO 19152-2 Edition 1.LADM Part 1 - Classes;Fundamentals;LA_Source;recordation;ISO TC211.ISO 19103 Conceptual schema language.ISO 19103 Edition 1.Primitive types.Date and Time;DateTime;{8367701C-2A96-4fe1-A0E9-4ABAC9DC0ED6}
ISO TC211.ISO 19152 Land Administration Domain Model (LADM).ISO 19152-2 Edition 1.LADM Part 1 - Classes;Fundamentals;LA_Source;sID;ISO TC211.ISO 19152 Land Administration Domain Model (LADM).ISO 19152-2 Edition 1.LADM Part 1 - Classes.Fundamentals;Oid;{C19E74FE-ED9D-41d8-A6D9-6AF3A2B61064}
ISO TC211.ISO 19152 Land Administration Domain Model (LADM).ISO 19152-2 Edition 1.LADM Part 1 - Classes;Fundamentals;LA_Source;source;ISO TC211.ISO 19115 Metadata.ISO 19115-1 Edition 1 (Complete).Citation and responsible party information;CI_Responsibility;{2F04B145-F0B3-4d0b-8F38-325E62A8438F}
ISO TC211.ISO 19152 Land Administration Domain Model (LADM).ISO 19152-2 Edition 1.LADM Part 1 - Classes;Fundamentals;LA_Source;submission;ISO TC211.ISO 19103 Conceptual schema language.ISO 19103 Edition 1.Primitive types.Date and Time;DateTime;{8367701C-2A96-4fe1-A0E9-4ABAC9DC0ED6}
ISO TC211.ISO 19152 Land Administration Domain Model (LADM).ISO 19152-2 Edition 1.LADM Part 1 - Classes;Fundamentals;LA_Source;object;ISO TC211.ISO 19152 Land Administration Domain Model (LADM).ISO 19152-2 Edition 1.LADM Part 1 - Classes.Fundamentals;VersionedObject;{C75D336C-19A2-4043-9870-EA6EB2A03745}
ISO TC211.ISO 19152 Land Administration Domain Model (LADM).ISO 19152-2 Edition 1.LADM Part 1 - Classes;Fundamentals;LA_Source;object;ISO TC211.ISO 19152 Land Administration Domain Model (LADM).ISO 19152-2 Edition 1.LADM Part 1 - Classes.Fundamentals;VersionedObject;{C75D336C-19A2-4043-9870-EA6EB2A03745}
ISO TC211.ISO 19152 Land Administration Domain Model (LADM).ISO 19152-2 Edition 1.LADM Part 1 - Classes;Fundamentals;LA_Source;Generalization;ISO TC211.ISO 19152 Land Administration Domain Model (LADM).ISO 19152-2 Edition 1.LADM Part 1 - Classes.Administrative;LA_AdministrativeSource;{6598CD21-44C5-4422-8D80-85272D080F61}
ISO TC211.ISO 19152 Land Administration Domain Model (LADM).ISO 19152-2 Edition 1.LADM Part 1 - Classes;Fundamentals;Fraction;denominator;ISO TC211.ISO 19103 Conceptual schema language.ISO 19103 Edition 1.Primitive types.Numerics;Integer;{56690121-01D0-459e-9D52-D102EDCD8C9D}
ISO TC211.ISO 19152 Land Administration Domain Model (LADM).ISO 19152-2 Edition 1.LADM Part 1 - Classes;Fundamentals;Fraction;numerator;ISO TC211.ISO 19103 Conceptual schema language.ISO 19103 Edition 1.Primitive types.Numerics;Integer;{56690121-01D0-459e-9D52-D102EDCD8C9D}
ISO TC211.ISO 19152 Land Administration Domain Model (LADM).ISO 19152-2 Edition 1.LADM Part 1 - Classes;Fundamentals;Oid;localId;ISO TC211.ISO 19103 Conceptual schema language.ISO 19103 Edition 1.Primitive types.Text;CharacterString;{0A614EA9-13B7-4ebe-85ED-AA187D27CBD1}
ISO TC211.ISO 19152 Land Administration Domain Model (LADM).ISO 19152-2 Edition 1.LADM Part 1 - Classes;Fundamentals;Oid;namespace;ISO TC211.ISO 19103 Conceptual schema language.ISO 19103 Edition 1.Primitive types.Text;CharacterString;{0A614EA9-13B7-4ebe-85ED-AA187D27CBD1}
ISO TC211.ISO 19152 Land Administration Domain Model (LADM).ISO 19152-2 Edition 1.LADM Part 1 - Classes;Fundamentals;Oid;Realisation;ISO TC211.ISO 19103 Conceptual schema language.ISO 19103 Edition 1.Name types;GenericName;{F80E8EC0-F7E2-4472-9446-C7F4917821CE}
ISO TC211.ISO 19152 Land Administration Domain Model (LADM).ISO 19152-2 Edition 1.LADM Part 1 - Classes;Party;LA_PartyMember;Generalization;ISO TC211.ISO 19152 Land Administration Domain Model (LADM).ISO 19152-2 Edition 1.LADM Part 1 - Classes.Fundamentals;VersionedObject;{C75D336C-19A2-4043-9870-EA6EB2A03745}
ISO TC211.ISO 19152 Land Administration Domain Model (LADM).ISO 19152-2 Edition 1.LADM Part 1 - Classes;Party;LA_Party;Generalization;ISO TC211.ISO 19152 Land Administration Domain Model (LADM).ISO 19152-2 Edition 1.LADM Part 1 - Classes.Fundamentals;VersionedObject;{C75D336C-19A2-4043-9870-EA6EB2A03745}
ISO TC211.ISO 19152 Land Administration Domain Model (LADM).ISO 19152-2 Edition 1.LADM Part 1 - Classes;Party;LA_Party;Association;ISO TC211.ISO 19152 Land Administration Domain Model (LADM).ISO 19152-2 Edition 1.LADM Part 1 - Classes.Administrative;LA_BAUnit;{E478B4C3-188B-4a8d-A33A-4DCD78CE0902}
ISO TC211.ISO 19152 Land Administration Domain Model (LADM).ISO 19152-2 Edition 1.LADM Part 1 - Classes;Party;LA_Party;Association;ISO TC211.ISO 19152 Land Administration Domain Model (LADM).ISO 19152-2 Edition 1.LADM Part 1 - Classes.Administrative;LA_RRR;{B3FF0D0C-AD0B-4539-87D8-2DA442CE3C13}
ISO TC211.ISO 19152 Land Administration Domain Model (LADM).ISO 19152-2 Edition 1.LADM Part 1 - Classes;Party;LA_Party;Association;ISO TC211.ISO 19152 Land Administration Domain Model (LADM).ISO 19152-2 Edition 1.LADM Part 1 - Classes.Party;LA_GroupParty;{BAAD69D5-68F1-4f0d-BDCB-670D7B19AE93}
ISO TC211.ISO 19152 Land Administration Domain Model (LADM).ISO 19152-2 Edition 1.LADM Part 1 - Classes;Party;LA_Party;Generalization;ISO TC211.ISO 19152 Land Administration Domain Model (LADM).ISO 19152-2 Edition 1.LADM Part 1 - Classes.Party;LA_GroupParty;{BAAD69D5-68F1-4f0d-BDCB-670D7B19AE93}
ISO TC211.ISO 19152 Land Administration Domain Model (LADM).ISO 19152-2 Edition 1.LADM Part 1 - Classes;Party;LA_GroupParty;Association;ISO TC211.ISO 19152 Land Administration Domain Model (LADM).ISO 19152-2 Edition 1.LADM Part 1 - Classes.Party;LA_Party;{CA5D4F78-65A9-43e6-B364-F843304E91FE}
ISO TC211.ISO 19152 Land Administration Domain Model (LADM).ISO 19152-2 Edition 1.LADM Part 1 - Classes;Party;LA_GroupParty;Generalization;ISO TC211.ISO 19152 Land Administration Domain Model (LADM).ISO 19152-2 Edition 1.LADM Part 1 - Classes.Party;LA_Party;{CA5D4F78-65A9-43e6-B364-F843304E91FE}
ISO TC211.ISO 19152 Land Administration Domain Model (LADM).ISO 19152-2 Edition 1.LADM Part 1 - Classes;Administrative;LA_RequiredRelationshipBAUnit;Generalization;ISO TC211.ISO 19152 Land Administration Domain Model (LADM).ISO 19152-2 Edition 1.LADM Part 1 - Classes.Fundamentals;VersionedObject;{C75D336C-19A2-4043-9870-EA6EB2A03745}
ISO TC211.ISO 19152 Land Administration Domain Model (LADM).ISO 19152-2 Edition 1.LADM Part 1 - Classes;Administrative;LA_RRR;Generalization;ISO TC211.ISO 19152 Land Administration Domain Model (LADM).ISO 19152-2 Edition 1.LADM Part 1 - Classes.Administrative;LA_Responsibility;{66DFA7BD-60AD-4891-BBC2-07BE7E749B48}
ISO TC211.ISO 19152 Land Administration Domain Model (LADM).ISO 19152-2 Edition 1.LADM Part 1 - Classes;Administrative;LA_RRR;Association;ISO TC211.ISO 19152 Land Administration Domain Model (LADM).ISO 19152-2 Edition 1.LADM Part 1 - Classes.Administrative;LA_RRR;{B3FF0D0C-AD0B-4539-87D8-2DA442CE3C13}
ISO TC211.ISO 19152 Land Administration Domain Model (LADM).ISO 19152-2 Edition 1.LADM Part 1 - Classes;Administrative;LA_RRR;Generalization;ISO TC211.ISO 19152 Land Administration Domain Model (LADM).ISO 19152-2 Edition 1.LADM Part 1 - Classes.Fundamentals;VersionedObject;{C75D336C-19A2-4043-9870-EA6EB2A03745}
ISO TC211.ISO 19152 Land Administration Domain Model (LADM).ISO 19152-2 Edition 1.LADM Part 1 - Classes;Administrative;LA_RRR;Generalization;ISO TC211.ISO 19152 Land Administration Domain Model (LADM).ISO 19152-2 Edition 1.LADM Part 1 - Classes.Administrative;LA_Restriction;{AFA55F01-D09D-4ee9-B7AE-2F748B6F4EE6}
ISO TC211.ISO 19152 Land Administration Domain Model (LADM).ISO 19152-2 Edition 1.LADM Part 1 - Classes;Administrative;LA_RRR;Association;ISO TC211.ISO 19152 Land Administration Domain Model (LADM).ISO 19152-2 Edition 1.LADM Part 1 - Classes.Administrative;LA_BAUnit;{E478B4C3-188B-4a8d-A33A-4DCD78CE0902}
ISO TC211.ISO 19152 Land Administration Domain Model (LADM).ISO 19152-2 Edition 1.LADM Part 1 - Classes;Administrative;LA_RRR;Association;ISO TC211.ISO 19152 Land Administration Domain Model (LADM).ISO 19152-2 Edition 1.LADM Part 1 - Classes.Administrative;LA_AdministrativeSource;{6598CD21-44C5-4422-8D80-85272D080F61}
ISO TC211.ISO 19152 Land Administration Domain Model (LADM).ISO 19152-2 Edition 1.LADM Part 1 - Classes;Administrative;LA_RRR;Generalization;ISO TC211.ISO 19152 Land Administration Domain Model (LADM).ISO 19152-2 Edition 1.LADM Part 1 - Classes.Administrative;LA_Right;{6C032BC9-2CA2-44a6-BAD0-9B3D1F6A1721}
ISO TC211.ISO 19152 Land Administration Domain Model (LADM).ISO 19152-2 Edition 1.LADM Part 1 - Classes;Administrative;LA_RRR;Association;ISO TC211.ISO 19152 Land Administration Domain Model (LADM).ISO 19152-2 Edition 1.LADM Part 1 - Classes.Party;LA_Party;{CA5D4F78-65A9-43e6-B364-F843304E91FE}
ISO TC211.ISO 19152 Land Administration Domain Model (LADM).ISO 19152-2 Edition 1.LADM Part 1 - Classes;Administrative;LA_BAUnit;Association;ISO TC211.ISO 19152 Land Administration Domain Model (LADM).ISO 19152-2 Edition 1.LADM Part 1 - Classes.Spatial Unit;LA_SpatialUnit;{3F75696C-3D1F-4067-9016-9C33B4C235BD}
ISO TC211.ISO 19152 Land Administration Domain Model (LADM).ISO 19152-2 Edition 1.LADM Part 1 - Classes;Administrative;LA_BAUnit;Association;ISO TC211.ISO 19152 Land Administration Domain Model (LADM).ISO 19152-2 Edition 1.LADM Part 1 - Classes.Administrative;LA_RRR;{B3FF0D0C-AD0B-4539-87D8-2DA442CE3C13}
ISO TC211.ISO 19152 Land Administration Domain Model (LADM).ISO 19152-2 Edition 1.LADM Part 1 - Classes;Administrative;LA_BAUnit;Generalization;ISO TC211.ISO 19152 Land Administration Domain Model (LADM).ISO 19152-2 Edition 1.LADM Part 1 - Classes.Fundamentals;VersionedObject;{C75D336C-19A2-4043-9870-EA6EB2A03745}
ISO TC211.ISO 19152 Land Administration Domain Model (LADM).ISO 19152-2 Edition 1.LADM Part 1 - Classes;Administrative;LA_BAUnit;Association;ISO TC211.ISO 19152 Land Administration Domain Model (LADM).ISO 19152-2 Edition 1.LADM Part 1 - Classes.Administrative;LA_BAUnit;{E478B4C3-188B-4a8d-A33A-4DCD78CE0902}
ISO TC211.ISO 19152 Land Administration Domain Model (LADM).ISO 19152-2 Edition 1.LADM Part 1 - Classes;Administrative;LA_BAUnit;Association;ISO TC211.ISO 19152 Land Administration Domain Model (LADM).ISO 19152-2 Edition 1.LADM Part 1 - Classes.Administrative;LA_AdministrativeSource;{6598CD21-44C5-4422-8D80-85272D080F61}
ISO TC211.ISO 19152 Land Administration Domain Model (LADM).ISO 19152-2 Edition 1.LADM Part 1 - Classes;Administrative;LA_BAUnit;Association;ISO TC211.ISO 19152 Land Administration Domain Model (LADM).ISO 19152-2 Edition 1.LADM Part 1 - Classes.Party;LA_Party;{CA5D4F78-65A9-43e6-B364-F843304E91FE}
ISO TC211.ISO 19152 Land Administration Domain Model (LADM).ISO 19152-2 Edition 1.LADM Part 1 - Classes;Administrative;LA_Right;Generalization;ISO TC211.ISO 19152 Land Administration Domain Model (LADM).ISO 19152-2 Edition 1.LADM Part 1 - Classes.Administrative;LA_RRR;{B3FF0D0C-AD0B-4539-87D8-2DA442CE3C13}
ISO TC211.ISO 19152 Land Administration Domain Model (LADM).ISO 19152-2 Edition 1.LADM Part 1 - Classes;Administrative;LA_Restriction;Generalization;ISO TC211.ISO 19152 Land Administration Domain Model (LADM).ISO 19152-2 Edition 1.LADM Part 1 - Classes.Administrative;LA_RRR;{B3FF0D0C-AD0B-4539-87D8-2DA442CE3C13}
ISO TC211.ISO 19152 Land Administration Domain Model (LADM).ISO 19152-2 Edition 1.LADM Part 1 - Classes;Administrative;LA_Responsibility;Generalization;ISO TC211.ISO 19152 Land Administration Domain Model (LADM).ISO 19152-2 Edition 1.LADM Part 1 - Classes.Administrative;LA_RRR;{B3FF0D0C-AD0B-4539-87D8-2DA442CE3C13}
ISO TC211.ISO 19152 Land Administration Domain Model (LADM).ISO 19152-2 Edition 1.LADM Part 1 - Classes;Administrative;LA_AdministrativeSource;Generalization;ISO TC211.ISO 19152 Land Administration Domain Model (LADM).ISO 19152-2 Edition 1.LADM Part 1 - Classes.Fundamentals;LA_Source;{4FE59285-F1C6-42fa-BEE8-8318C10589DB}
ISO TC211.ISO 19152 Land Administration Domain Model (LADM).ISO 19152-2 Edition 1.LADM Part 1 - Classes;Administrative;LA_AdministrativeSource;Association;ISO TC211.ISO 19152 Land Administration Domain Model (LADM).ISO 19152-2 Edition 1.LADM Part 1 - Classes.Administrative;LA_BAUnit;{E478B4C3-188B-4a8d-A33A-4DCD78CE0902}
ISO TC211.ISO 19152 Land Administration Domain Model (LADM).ISO 19152-2 Edition 1.LADM Part 1 - Classes;Administrative;LA_AdministrativeSource;Association;ISO TC211.ISO 19152 Land Administration Domain Model (LADM).ISO 19152-2 Edition 1.LADM Part 1 - Classes.Administrative;LA_RRR;{B3FF0D0C-AD0B-4539-87D8-2DA442CE3C13}
ISO TC211.ISO 19152 Land Administration Domain Model (LADM).ISO 19152-2 Edition 1.LADM Part 1 - Classes;Spatial Unit;LA_RequiredRelationshipSpatialUnit;Generalization;ISO TC211.ISO 19152 Land Administration Domain Model (LADM).ISO 19152-2 Edition 1.LADM Part 1 - Classes.Fundamentals;VersionedObject;{C75D336C-19A2-4043-9870-EA6EB2A03745}
ISO TC211.ISO 19152 Land Administration Domain Model (LADM).ISO 19152-2 Edition 1.LADM Part 1 - Classes;Spatial Unit;LA_SpatialUnit;Association;ISO TC211.ISO 19152 Land Administration Domain Model (LADM).ISO 19152-2 Edition 1.LADM Part 1 - Classes.Spatial Unit;LA_SpatialUnit;{3F75696C-3D1F-4067-9016-9C33B4C235BD}
ISO TC211.ISO 19152 Land Administration Domain Model (LADM).ISO 19152-2 Edition 1.LADM Part 1 - Classes;Spatial Unit;LA_SpatialUnit;Association;ISO TC211.ISO 19152 Land Administration Domain Model (LADM).ISO 19152-2 Edition 1.LADM Part 1 - Classes.Spatial Unit;LA_SpatialUnitGroup;{FCE33EE6-A4B1-4ad2-A70A-326643B082DA}
ISO TC211.ISO 19152 Land Administration Domain Model (LADM).ISO 19152-2 Edition 1.LADM Part 1 - Classes;Spatial Unit;LA_SpatialUnit;Aggregation;ISO TC211.ISO 19152 Land Administration Domain Model (LADM).ISO 19152-2 Edition 1.LADM Part 1 - Classes.Spatial Unit;LA_SpatialUnit;{3F75696C-3D1F-4067-9016-9C33B4C235BD}
ISO TC211.ISO 19152 Land Administration Domain Model (LADM).ISO 19152-2 Edition 1.LADM Part 1 - Classes;Spatial Unit;LA_SpatialUnit;Association;ISO TC211.ISO 19152 Land Administration Domain Model (LADM).ISO 19152-2 Edition 1.LADM Part 1 - Classes.Spatial Unit;LA_Level;{F1A39E4B-1BEE-4db9-A221-F15A936F45A4}
ISO TC211.ISO 19152 Land Administration Domain Model (LADM).ISO 19152-2 Edition 1.LADM Part 1 - Classes;Spatial Unit;LA_SpatialUnit;Generalization;ISO TC211.ISO 19152 Land Administration Domain Model (LADM).ISO 19152-2 Edition 1.LADM Part 1 - Classes.Fundamentals;VersionedObject;{C75D336C-19A2-4043-9870-EA6EB2A03745}
ISO TC211.ISO 19152 Land Administration Domain Model (LADM).ISO 19152-2 Edition 1.LADM Part 1 - Classes;Spatial Unit;LA_SpatialUnit;Association;ISO TC211.ISO 19152 Land Administration Domain Model (LADM).ISO 19152-2 Edition 1.LADM Part 1 - Classes.Administrative;LA_BAUnit;{E478B4C3-188B-4a8d-A33A-4DCD78CE0902}
ISO TC211.ISO 19152 Land Administration Domain Model (LADM).ISO 19152-2 Edition 1.LADM Part 1 - Classes;Spatial Unit;LA_SpatialUnitGroup;Generalization;ISO TC211.ISO 19152 Land Administration Domain Model (LADM).ISO 19152-2 Edition 1.LADM Part 1 - Classes.Fundamentals;VersionedObject;{C75D336C-19A2-4043-9870-EA6EB2A03745}
ISO TC211.ISO 19152 Land Administration Domain Model (LADM).ISO 19152-2 Edition 1.LADM Part 1 - Classes;Spatial Unit;LA_SpatialUnitGroup;element;ISO TC211.ISO 19152 Land Administration Domain Model (LADM).ISO 19152-2 Edition 1.LADM Part 1 - Classes.Spatial Unit;LA_SpatialUnitGroup;{FCE33EE6-A4B1-4ad2-A70A-326643B082DA}
ISO TC211.ISO 19152 Land Administration Domain Model (LADM).ISO 19152-2 Edition 1.LADM Part 1 - Classes;Spatial Unit;LA_SpatialUnitGroup;Association;ISO TC211.ISO 19152 Land Administration Domain Model (LADM).ISO 19152-2 Edition 1.LADM Part 1 - Classes.Spatial Unit;LA_SpatialUnit;{3F75696C-3D1F-4067-9016-9C33B4C235BD}
ISO TC211.ISO 19152 Land Administration Domain Model (LADM).ISO 19152-2 Edition 1.LADM Part 1 - Classes;Spatial Unit;LA_Level;Generalization;ISO TC211.ISO 19152 Land Administration Domain Model (LADM).ISO 19152-2 Edition 1.LADM Part 1 - Classes.Fundamentals;VersionedObject;{C75D336C-19A2-4043-9870-EA6EB2A03745}
ISO TC211.ISO 19152 Land Administration Domain Model (LADM).ISO 19152-2 Edition 1.LADM Part 1 - Classes;Spatial Unit;LA_Level;Association;ISO TC211.ISO 19152 Land Administration Domain Model (LADM).ISO 19152-2 Edition 1.LADM Part 1 - Classes.Spatial Unit;LA_SpatialUnit;{3F75696C-3D1F-4067-9016-9C33B4C235BD}
ISO TC211.ISO 19152 Land Administration Domain Model (LADM).ISO 19152-2 Edition 1.LADM Part 1 - Classes;External;ExtArchive;acceptance;ISO TC211.ISO 19103 Conceptual schema language.ISO 19103 Edition 1.Primitive types.Date and Time;DateTime;{8367701C-2A96-4fe1-A0E9-4ABAC9DC0ED6}
ISO TC211.ISO 19152 Land Administration Domain Model (LADM).ISO 19152-2 Edition 1.LADM Part 1 - Classes;External;ExtArchive;data;ISO TC211.ISO 19115 Metadata.ISO 19115-1 Edition 1 (Complete).Language-characterset localization information;LocalisedCharacterString;{61A5AF27-A150-48e4-89ED-A517B8070C0D}
ISO TC211.ISO 19152 Land Administration Domain Model (LADM).ISO 19152-2 Edition 1.LADM Part 1 - Classes;External;ExtArchive;extraction;ISO TC211.ISO 19103 Conceptual schema language.ISO 19103 Edition 1.Primitive types.Date and Time;DateTime;{8367701C-2A96-4fe1-A0E9-4ABAC9DC0ED6}
ISO TC211.ISO 19152 Land Administration Domain Model (LADM).ISO 19152-2 Edition 1.LADM Part 1 - Classes;External;ExtArchive;recordation;ISO TC211.ISO 19103 Conceptual schema language.ISO 19103 Edition 1.Primitive types.Date and Time;DateTime;{8367701C-2A96-4fe1-A0E9-4ABAC9DC0ED6}
ISO TC211.ISO 19152 Land Administration Domain Model (LADM).ISO 19152-2 Edition 1.LADM Part 1 - Classes;External;ExtArchive;sID;ISO TC211.ISO 19152 Land Administration Domain Model (LADM).ISO 19152-2 Edition 1.LADM Part 1 - Classes.Fundamentals;Oid;{C19E74FE-ED9D-41d8-A6D9-6AF3A2B61064}
ISO TC211.ISO 19152 Land Administration Domain Model (LADM).ISO 19152-2 Edition 1.LADM Part 1 - Classes;External;ExtArchive;submission;ISO TC211.ISO 19103 Conceptual schema language.ISO 19103 Edition 1.Primitive types.Date and Time;DateTime;{8367701C-2A96-4fe1-A0E9-4ABAC9DC0ED6}
